parentR,childR
http://ru.wikipedia.org/wiki/Национальное_географическое_общество,http://ru.wikipedia.org/wiki/Nat_Geo_Wild
http://ru.wikipedia.org/wiki/Wells_Fargo,http://ru.wikipedia.org/wiki/Wachovia_Corp.
http://ru.wikipedia.org/wiki/MAN,http://ru.wikipedia.org/wiki/Sinotruk_(Гонконг)
http://ru.wikipedia.org/wiki/Yle,http://ru.wikipedia.org/wiki/YLE_TV2
http://ru.wikipedia.org/wiki/Роснефть,http://ru.wikipedia.org/wiki/ТНК-BP
http://ru.wikipedia.org/wiki/Ростех,http://ru.wikipedia.org/wiki/Yota
http://ru.wikipedia.org/wiki/Time_Warner,http://ru.wikipedia.org/wiki/Warner_Bros._Interactive_Entertainment
http://ru.wikipedia.org/wiki/Luxottica,http://ru.wikipedia.org/wiki/Persol
http://ru.wikipedia.org/wiki/Исполнительная_власть_в_Японии,http://ru.wikipedia.org/wiki/Japan_Post_Holdings
http://ru.wikipedia.org/wiki/Польское_телевидение,http://ru.wikipedia.org/wiki/TVP1
http://ru.wikipedia.org/wiki/Geox,http://ru.wikipedia.org/wiki/Diadora
http://ru.wikipedia.org/wiki/Fiat,http://ru.wikipedia.org/wiki/Alfa_Romeo
http://ru.wikipedia.org/wiki/General_Motors,http://ru.wikipedia.org/wiki/Chevrolet
http://ru.wikipedia.org/wiki/General_Motors,http://ru.wikipedia.org/wiki/Buick
http://ru.wikipedia.org/wiki/General_Motors,http://ru.wikipedia.org/wiki/Cadillac
http://ru.wikipedia.org/wiki/Time_Warner,http://ru.wikipedia.org/wiki/CNN
http://ru.wikipedia.org/wiki/Westinghouse_Electric,http://ru.wikipedia.org/wiki/CBS
http://ru.wikipedia.org/wiki/ThyssenKrupp,http://ru.wikipedia.org/wiki/Blohm_+_Voss
http://ru.wikipedia.org/wiki/Би-би-си,http://ru.wikipedia.org/wiki/BBC_World_News
http://ru.wikipedia.org/wiki/Би-би-си,http://ru.wikipedia.org/wiki/BBC_World_Service
http://ru.wikipedia.org/wiki/CBS_Corporation,http://ru.wikipedia.org/wiki/CBS
http://ru.wikipedia.org/wiki/Fiat,http://ru.wikipedia.org/wiki/Maserati
http://ru.wikipedia.org/wiki/The_Walt_Disney_Company,http://ru.wikipedia.org/wiki/Диснейуорлд
http://ru.wikipedia.org/wiki/Нижняя_Саксония,http://ru.wikipedia.org/wiki/Volkswagen_(концерн)
http://ru.wikipedia.org/wiki/Porsche,http://ru.wikipedia.org/wiki/Volkswagen_(концерн)
http://ru.wikipedia.org/wiki/Time_Warner,"http://ru.wikipedia.org/wiki/Turbine,_Inc."
http://ru.wikipedia.org/wiki/The_Capital_Group_Companies,http://ru.wikipedia.org/wiki/Volkswagen_(концерн)
"http://ru.wikipedia.org/wiki/Макмэн,_Винс",http://ru.wikipedia.org/wiki/WWE
http://ru.wikipedia.org/wiki/MGM_Holdings,http://ru.wikipedia.org/wiki/Metro-Goldwyn-Mayer
http://ru.wikipedia.org/wiki/Activision_Blizzard,http://ru.wikipedia.org/wiki/Sierra_Entertainment
http://ru.wikipedia.org/wiki/CBS_Corporation,http://ru.wikipedia.org/wiki/UPN
http://ru.wikipedia.org/wiki/Toshiba,http://ru.wikipedia.org/wiki/Toshiba_Samsung_Storage_Technology_Corporation
http://ru.wikipedia.org/wiki/Манчестер_Юнайтед,http://ru.wikipedia.org/wiki/MUTV
http://ru.wikipedia.org/wiki/TeliaSonera,http://ru.wikipedia.org/wiki/Elion
http://ru.wikipedia.org/wiki/Modern_Times_Group,http://ru.wikipedia.org/wiki/TV6_Latvia
http://ru.wikipedia.org/wiki/Yle,http://ru.wikipedia.org/wiki/Yle_TV1
http://ru.wikipedia.org/wiki/Ubisoft,http://ru.wikipedia.org/wiki/Ubisoft_Red_Storm
http://ru.wikipedia.org/wiki/Samsung_Electronics,http://ru.wikipedia.org/wiki/Toshiba_Samsung_Storage_Technology_Corporation
http://ru.wikipedia.org/wiki/Pernod_Ricard,http://ru.wikipedia.org/wiki/Martell_(коньяк)
http://ru.wikipedia.org/wiki/STX_Finland,http://ru.wikipedia.org/wiki/Arctech_Helsinki_Shipyard
http://ru.wikipedia.org/wiki/Правительство_Российской_Федерации,http://ru.wikipedia.org/wiki/Всероссийская_государственная_телевизионная_и_радиовещательная_компания
http://ru.wikipedia.org/wiki/Take-Two_Interactive,http://ru.wikipedia.org/wiki/Rockstar_Japan
http://ru.wikipedia.org/wiki/Take-Two_Interactive,http://ru.wikipedia.org/wiki/Rockstar_Vienna
"http://ru.wikipedia.org/wiki/Ахметов,_Ринат_Леонидович",http://ru.wikipedia.org/wiki/ДТЭК
"http://ru.wikipedia.org/wiki/Несис,_Александр_Натанович",http://ru.wikipedia.org/wiki/ИСТ
http://ru.wikipedia.org/wiki/Объединённая_судостроительная_корпорация,http://ru.wikipedia.org/wiki/Arctech_Helsinki_Shipyard
http://ru.wikipedia.org/wiki/SNCF,http://ru.wikipedia.org/wiki/SeaFrance
http://ru.wikipedia.org/wiki/Citigroup,http://ru.wikipedia.org/wiki/Banco_de_Chile
http://ru.wikipedia.org/wiki/Take-Two_Interactive,http://ru.wikipedia.org/wiki/Rockstar_Lincoln
http://ru.wikipedia.org/wiki/Schneider_Electric,http://ru.wikipedia.org/wiki/Vijeo_Citect
http://ru.wikipedia.org/wiki/Thomson_Reuters,http://ru.wikipedia.org/wiki/Рейтер
http://ru.wikipedia.org/wiki/Би-би-си,http://ru.wikipedia.org/wiki/BBC_Arabic_Television
http://ru.wikipedia.org/wiki/Fujitsu,http://ru.wikipedia.org/wiki/Fujitsu_Technology_Solutions
http://ru.wikipedia.org/wiki/Организация_Объединённых_Наций,http://ru.wikipedia.org/wiki/Радио_ООН
http://ru.wikipedia.org/wiki/Государственный_строй_Греции,http://ru.wikipedia.org/wiki/Греческая_почта
http://ru.wikipedia.org/wiki/Sony,http://ru.wikipedia.org/wiki/Guerrilla_Cambridge
"http://ru.wikipedia.org/wiki/Дерипаска,_Олег_Владимирович",http://ru.wikipedia.org/wiki/En+_Group
http://ru.wikipedia.org/wiki/Electronic_Arts,http://ru.wikipedia.org/wiki/EA_Montreal
http://ru.wikipedia.org/wiki/Viacom,http://ru.wikipedia.org/wiki/MTV_Networks_Asia_Pacific
http://ru.wikipedia.org/wiki/Yahoo!,http://ru.wikipedia.org/wiki/Tumblr
http://ru.wikipedia.org/wiki/Правительство_Российской_Федерации,http://ru.wikipedia.org/wiki/РусГидро
http://ru.wikipedia.org/wiki/Westdeutscher_Rundfunk,http://ru.wikipedia.org/wiki/WDR_Fernsehen
http://ru.wikipedia.org/wiki/Fiat,http://ru.wikipedia.org/wiki/Chrysler
http://ru.wikipedia.org/wiki/Volkswagen_(концерн),http://ru.wikipedia.org/wiki/Audi
http://ru.wikipedia.org/wiki/Volkswagen_(концерн),http://ru.wikipedia.org/wiki/Ducati
"http://ru.wikipedia.org/wiki/Ричардс,_Дэвид",http://ru.wikipedia.org/wiki/Aston_Martin
http://ru.wikipedia.org/wiki/Национальный_банк_Украины,http://ru.wikipedia.org/wiki/БТБ
http://ru.wikipedia.org/wiki/Audi,http://ru.wikipedia.org/wiki/Ducati
"http://ru.wikipedia.org/wiki/Феррари,_Пьеро",http://ru.wikipedia.org/wiki/Ferrari
http://ru.wikipedia.org/wiki/Renault,http://ru.wikipedia.org/wiki/АвтоВАЗ
http://ru.wikipedia.org/wiki/Hewlett-Packard,http://ru.wikipedia.org/wiki/Compaq
http://ru.wikipedia.org/wiki/Sony_Music_Entertainment,http://ru.wikipedia.org/wiki/Vevo
http://ru.wikipedia.org/wiki/Universal_Music_Group,http://ru.wikipedia.org/wiki/Vevo
http://ru.wikipedia.org/wiki/Правительство_Австралии,http://ru.wikipedia.org/wiki/Australian_Broadcasting_Corporation
http://ru.wikipedia.org/wiki/Google_(компания),http://ru.wikipedia.org/wiki/Vevo
http://ru.wikipedia.org/wiki/Apple,http://ru.wikipedia.org/wiki/NeXT
http://ru.wikipedia.org/wiki/General_Motors,http://ru.wikipedia.org/wiki/Hummer
http://ru.wikipedia.org/wiki/Microsoft,http://ru.wikipedia.org/wiki/Lionhead_Studios
http://ru.wikipedia.org/wiki/Toyota,http://ru.wikipedia.org/wiki/Lexus
http://ru.wikipedia.org/wiki/Renault,http://ru.wikipedia.org/wiki/Nissan
http://ru.wikipedia.org/wiki/Electronic_Arts,http://ru.wikipedia.org/wiki/Maxis
http://ru.wikipedia.org/wiki/Tata_Motors,http://ru.wikipedia.org/wiki/Land_Rover
http://ru.wikipedia.org/wiki/Viacom,http://ru.wikipedia.org/wiki/Paramount_Pictures
http://ru.wikipedia.org/wiki/NBC_Universal,http://ru.wikipedia.org/wiki/NBC
http://ru.wikipedia.org/wiki/Stichting_INGKA_Foundation,http://ru.wikipedia.org/wiki/IKEA
http://ru.wikipedia.org/wiki/Sumitomo_Mitsui_Banking_Corporation,http://ru.wikipedia.org/wiki/Mazda
http://ru.wikipedia.org/wiki/Ford,http://ru.wikipedia.org/wiki/Mazda
http://ru.wikipedia.org/wiki/Oracle,http://ru.wikipedia.org/wiki/Sun_Microsystems
http://ru.wikipedia.org/wiki/Правительство_Швеции,http://ru.wikipedia.org/wiki/TeliaSonera
http://ru.wikipedia.org/wiki/Kyocera,http://ru.wikipedia.org/wiki/Taito_Corporation
http://ru.wikipedia.org/wiki/Digia,http://ru.wikipedia.org/wiki/Qt_Development_Frameworks
http://ru.wikipedia.org/wiki/Square_Enix,http://ru.wikipedia.org/wiki/Taito_Corporation
http://ru.wikipedia.org/wiki/Microsoft_Studios,http://ru.wikipedia.org/wiki/Bungie
http://ru.wikipedia.org/wiki/Правительство_Российской_Федерации,http://ru.wikipedia.org/wiki/Почта_России
http://ru.wikipedia.org/wiki/Activision_Blizzard,http://ru.wikipedia.org/wiki/Raven_Software
http://ru.wikipedia.org/wiki/Систем_Кэпитал_Менеджмент,http://ru.wikipedia.org/wiki/Метинвест
http://ru.wikipedia.org/wiki/Национальная_государственная_телерадиокомпания_Республики_Беларусь,http://ru.wikipedia.org/wiki/Беларусь-1
http://ru.wikipedia.org/wiki/Порше_(род),http://ru.wikipedia.org/wiki/Porsche
http://ru.wikipedia.org/wiki/Volkswagen_(концерн),http://ru.wikipedia.org/wiki/MAN_Truck_&_Bus
http://ru.wikipedia.org/wiki/Российский_алюминий,http://ru.wikipedia.org/wiki/Богучанский_алюминиевый_завод
http://ru.wikipedia.org/wiki/MTV_Networks_Asia_Pacific,http://ru.wikipedia.org/wiki/MTV_Mandarin
http://ru.wikipedia.org/wiki/РусГидро,http://ru.wikipedia.org/wiki/Богучанский_алюминиевый_завод
http://ru.wikipedia.org/wiki/Ubisoft,http://ru.wikipedia.org/wiki/Ubisoft_Toronto
http://ru.wikipedia.org/wiki/Интер_(телеканал),http://ru.wikipedia.org/wiki/Zoom_(телеканал)
http://ru.wikipedia.org/wiki/France_Télécom,http://ru.wikipedia.org/wiki/Orange
http://ru.wikipedia.org/wiki/The_Walt_Disney_Company,http://ru.wikipedia.org/wiki/Диснейленд_(Париж)
http://ru.wikipedia.org/wiki/The_Walt_Disney_Company,http://ru.wikipedia.org/wiki/Miramax_Films
http://ru.wikipedia.org/wiki/The_Walt_Disney_Company,http://ru.wikipedia.org/wiki/ESPN
http://ru.wikipedia.org/wiki/Hearst_Corporation,http://ru.wikipedia.org/wiki/ESPN
http://ru.wikipedia.org/wiki/The_Capital_Group_Companies,http://ru.wikipedia.org/wiki/Amazon.com
"http://ru.wikipedia.org/wiki/Дерипаска,_Олег_Владимирович",http://ru.wikipedia.org/wiki/Горьковский_автомобильный_завод
http://ru.wikipedia.org/wiki/Electronic_Arts,http://ru.wikipedia.org/wiki/BioWare
http://ru.wikipedia.org/wiki/Государственный_строй_Норвегии,http://ru.wikipedia.org/wiki/Telenor
http://ru.wikipedia.org/wiki/The_Walt_Disney_Company,http://ru.wikipedia.org/wiki/ABC_Family
http://ru.wikipedia.org/wiki/Hearst_Corporation,http://ru.wikipedia.org/wiki/A&E
http://ru.wikipedia.org/wiki/DAF_Trucks,http://ru.wikipedia.org/wiki/Tatra
http://ru.wikipedia.org/wiki/Time_Warner,http://ru.wikipedia.org/wiki/Boomerang
http://ru.wikipedia.org/wiki/Bloomberg,http://ru.wikipedia.org/wiki/Bloomberg_Television
http://ru.wikipedia.org/wiki/News_Corporation,http://ru.wikipedia.org/wiki/ABC_Family
http://ru.wikipedia.org/wiki/Высшие_федеральные_органы_государственной_власти_США,http://ru.wikipedia.org/wiki/Голос_Америки
http://ru.wikipedia.org/wiki/NBC_Universal,http://ru.wikipedia.org/wiki/USA_Network
http://ru.wikipedia.org/wiki/JPMorgan_Chase,http://ru.wikipedia.org/wiki/Carlson_Wagonlit_Travel
http://ru.wikipedia.org/wiki/Публичная_компания,http://ru.wikipedia.org/wiki/Construcciones_y_Auxiliar_de_Ferrocarriles
http://ru.wikipedia.org/wiki/Take-Two_Interactive,http://ru.wikipedia.org/wiki/2K_Marin
http://ru.wikipedia.org/wiki/Cartoon_Network,http://ru.wikipedia.org/wiki/Boomerang
http://ru.wikipedia.org/wiki/Телекомпания_CBN,http://ru.wikipedia.org/wiki/ABC_Family
http://ru.wikipedia.org/wiki/Daimler,http://ru.wikipedia.org/wiki/Freightliner
http://ru.wikipedia.org/wiki/Государственный_строй_Ирана,http://ru.wikipedia.org/wiki/ИРНА
"http://ru.wikipedia.org/wiki/Хайнеман,_Джейми",http://ru.wikipedia.org/wiki/M5_Industries
http://ru.wikipedia.org/wiki/Time_Warner,http://ru.wikipedia.org/wiki/HBO
http://ru.wikipedia.org/wiki/IGN,http://ru.wikipedia.org/wiki/GameSpy
http://ru.wikipedia.org/wiki/Electronic_Arts,http://ru.wikipedia.org/wiki/EA_Canada
http://ru.wikipedia.org/wiki/Государственное_предприятие,http://ru.wikipedia.org/wiki/Литовское_национальное_радио_и_телевидение
http://ru.wikipedia.org/wiki/Universal_Music_Group,http://ru.wikipedia.org/wiki/CUBE_Entertainment
http://ru.wikipedia.org/wiki/Activision_Blizzard,http://ru.wikipedia.org/wiki/Infinity_Ward
"http://ru.wikipedia.org/wiki/Цветков,_Николай_Александрович",http://ru.wikipedia.org/wiki/Императорский_фарфоровый_завод
"http://ru.wikipedia.org/wiki/Лисовски,_Мишель_Адам",http://ru.wikipedia.org/wiki/FashionTV
http://ru.wikipedia.org/wiki/Правительство_Швеции,http://ru.wikipedia.org/wiki/Posten_(Швеция)
http://ru.wikipedia.org/wiki/Правительство_Российской_Федерации,http://ru.wikipedia.org/wiki/РИА_Новости
http://ru.wikipedia.org/wiki/Государственный_строй_Дании,http://ru.wikipedia.org/wiki/Posten_(Швеция)
http://ru.wikipedia.org/wiki/Финляндия,http://ru.wikipedia.org/wiki/Valtion_lentokonetehdas
http://ru.wikipedia.org/wiki/Hearst_Corporation,http://ru.wikipedia.org/wiki/The_Biography_Channel
http://ru.wikipedia.org/wiki/Fuji_Heavy_Industries,http://ru.wikipedia.org/wiki/Subaru_Tecnica_International
http://ru.wikipedia.org/wiki/Sony_Music_Entertainment,http://ru.wikipedia.org/wiki/Ultra_Records
http://ru.wikipedia.org/wiki/SoftBank,http://ru.wikipedia.org/wiki/Sprint_Nextel
http://ru.wikipedia.org/wiki/Daimler,http://ru.wikipedia.org/wiki/Setra
http://ru.wikipedia.org/wiki/The_Walt_Disney_Company,http://ru.wikipedia.org/wiki/Super_RTL
http://ru.wikipedia.org/wiki/Warner_Bros.,http://ru.wikipedia.org/wiki/Warner_Bros._Television
http://ru.wikipedia.org/wiki/Time_Warner,http://ru.wikipedia.org/wiki/Warner_Bros._Television
http://ru.wikipedia.org/wiki/Carlsberg,http://ru.wikipedia.org/wiki/Tuborg
http://ru.wikipedia.org/wiki/Imperial_Tobacco,http://ru.wikipedia.org/wiki/Altadis
http://ru.wikipedia.org/wiki/RTL_Group,http://ru.wikipedia.org/wiki/Super_RTL
http://ru.wikipedia.org/wiki/Би-би-си,http://ru.wikipedia.org/wiki/BBC_Sport
http://ru.wikipedia.org/wiki/Ford,http://ru.wikipedia.org/wiki/Ford_Otosan
http://ru.wikipedia.org/wiki/Министерство_культуры_Российской_Федерации,http://ru.wikipedia.org/wiki/Союзмультфильм
http://ru.wikipedia.org/wiki/Федеральное_космическое_агентство,http://ru.wikipedia.org/wiki/Телестудия_Роскосмоса
http://ru.wikipedia.org/wiki/Токио_Доум,http://ru.wikipedia.org/wiki/Tokyo_Metropolitan_Television
http://ru.wikipedia.org/wiki/Интеррос,http://ru.wikipedia.org/wiki/ТВ3
http://ru.wikipedia.org/wiki/Take-Two_Interactive,http://ru.wikipedia.org/wiki/Rockstar_London
"http://ru.wikipedia.org/wiki/Мордашов,_Алексей_Александрович",http://ru.wikipedia.org/wiki/Силовые_машины
"http://ru.wikipedia.org/wiki/Жеваго,_Константин_Валентинович",http://ru.wikipedia.org/wiki/Финансы_и_Кредит
http://ru.wikipedia.org/wiki/Би-би-си,http://ru.wikipedia.org/wiki/BBC_HD
http://ru.wikipedia.org/wiki/Toei,http://ru.wikipedia.org/wiki/Tokyo_Metropolitan_Television
http://ru.wikipedia.org/wiki/Kadokawa_Shoten,http://ru.wikipedia.org/wiki/Tokyo_Metropolitan_Television
http://ru.wikipedia.org/wiki/Honda,http://ru.wikipedia.org/wiki/Acura
http://ru.wikipedia.org/wiki/Modern_Times_Group,http://ru.wikipedia.org/wiki/TV1000_Русское_кино
http://ru.wikipedia.org/wiki/Citigroup,http://ru.wikipedia.org/wiki/EMI
http://ru.wikipedia.org/wiki/TV_Asahi,http://ru.wikipedia.org/wiki/Shin-Ei_Animation
http://ru.wikipedia.org/wiki/Бруней,http://ru.wikipedia.org/wiki/Piper_Aircraft
http://ru.wikipedia.org/wiki/Bugatti_Automobiles,http://ru.wikipedia.org/wiki/Lotus_Cars
http://ru.wikipedia.org/wiki/General_Motors,http://ru.wikipedia.org/wiki/Lotus_Cars
http://ru.wikipedia.org/wiki/Германия,http://ru.wikipedia.org/wiki/Deutsche_Bahn
http://ru.wikipedia.org/wiki/Sony,http://ru.wikipedia.org/wiki/Columbia_Pictures
http://ru.wikipedia.org/wiki/News_Corporation,http://ru.wikipedia.org/wiki/20th_Century_Fox
http://ru.wikipedia.org/wiki/Proton_Edar_Sdr_Holding,http://ru.wikipedia.org/wiki/Lotus_Cars
http://ru.wikipedia.org/wiki/Nike,http://ru.wikipedia.org/wiki/Converse
http://ru.wikipedia.org/wiki/Tata_Motors,http://ru.wikipedia.org/wiki/Jaguar
http://ru.wikipedia.org/wiki/Viacom,http://ru.wikipedia.org/wiki/Nickelodeon
http://ru.wikipedia.org/wiki/NBC_Universal,http://ru.wikipedia.org/wiki/MSNBC
http://ru.wikipedia.org/wiki/Исполнительная_власть_в_Японии,http://ru.wikipedia.org/wiki/NHK
http://ru.wikipedia.org/wiki/Би-би-си,http://ru.wikipedia.org/wiki/BBC_Radio
http://ru.wikipedia.org/wiki/Би-би-си,http://ru.wikipedia.org/wiki/BBC_Two
http://ru.wikipedia.org/wiki/The_Coca-Cola_Company,http://ru.wikipedia.org/wiki/Columbia_Pictures
http://ru.wikipedia.org/wiki/Daimler,http://ru.wikipedia.org/wiki/Renault
http://ru.wikipedia.org/wiki/Metro-Goldwyn-Mayer,http://ru.wikipedia.org/wiki/United_Artists
http://ru.wikipedia.org/wiki/The_Walt_Disney_Company,http://ru.wikipedia.org/wiki/Walt_Disney_Pictures
http://ru.wikipedia.org/wiki/Microsoft,http://ru.wikipedia.org/wiki/Ultimate_Play_The_Game
http://ru.wikipedia.org/wiki/Nissan,http://ru.wikipedia.org/wiki/Renault
http://ru.wikipedia.org/wiki/Oracle,http://ru.wikipedia.org/wiki/PeopleSoft
http://ru.wikipedia.org/wiki/Rare,http://ru.wikipedia.org/wiki/Ultimate_Play_The_Game
http://ru.wikipedia.org/wiki/Veolia_Environnement,http://ru.wikipedia.org/wiki/Veolia_Transport
http://ru.wikipedia.org/wiki/Dr._Dre,http://ru.wikipedia.org/wiki/Beats_by_Dr._Dre
http://ru.wikipedia.org/wiki/Политика_Бутана,http://ru.wikipedia.org/wiki/Радиовещательная_служба_Бутана
http://ru.wikipedia.org/wiki/Time_Warner,http://ru.wikipedia.org/wiki/Castle_Rock_Entertainment
http://ru.wikipedia.org/wiki/Square_Enix,http://ru.wikipedia.org/wiki/Crystal_Dynamics
"http://ru.wikipedia.org/wiki/Суини,_Тим",http://ru.wikipedia.org/wiki/Epic_Games
http://ru.wikipedia.org/wiki/NBC_Universal,http://ru.wikipedia.org/wiki/Focus_Features
http://ru.wikipedia.org/wiki/Rebellion_Developments,http://ru.wikipedia.org/wiki/Core_Design
http://ru.wikipedia.org/wiki/Eidos_Interactive,http://ru.wikipedia.org/wiki/Core_Design
http://ru.wikipedia.org/wiki/CME_Group,http://ru.wikipedia.org/wiki/Чикагская_торговая_палата
http://ru.wikipedia.org/wiki/Toyota_Group,http://ru.wikipedia.org/wiki/Fuji_Heavy_Industries
http://ru.wikipedia.org/wiki/ZeniMax_Media,http://ru.wikipedia.org/wiki/Bethesda_Game_Studios
http://ru.wikipedia.org/wiki/Президент_Республики_Кипр,http://ru.wikipedia.org/wiki/Cyprus_Broadcasting_Corporation
http://ru.wikipedia.org/wiki/JoWooD_Entertainment,http://ru.wikipedia.org/wiki/Dreamcatcher_Interactive
http://ru.wikipedia.org/wiki/Daimler,http://ru.wikipedia.org/wiki/Maybach
http://ru.wikipedia.org/wiki/Daimler,http://ru.wikipedia.org/wiki/Orion_International
http://ru.wikipedia.org/wiki/Daimler,http://ru.wikipedia.org/wiki/Mercedes-Benz
http://ru.wikipedia.org/wiki/Национальная_баскетбольная_ассоциация,http://ru.wikipedia.org/wiki/NBA_TV
http://ru.wikipedia.org/wiki/Sony,http://ru.wikipedia.org/wiki/Media_Molecule
http://ru.wikipedia.org/wiki/Hasbro,http://ru.wikipedia.org/wiki/Hub_Network
http://ru.wikipedia.org/wiki/Time_Warner,http://ru.wikipedia.org/wiki/New_Line_Cinema
http://ru.wikipedia.org/wiki/Time_Warner,http://ru.wikipedia.org/wiki/NBA_TV
http://ru.wikipedia.org/wiki/TNT_N.V.,http://ru.wikipedia.org/wiki/TNT_Post
http://ru.wikipedia.org/wiki/Konami,http://ru.wikipedia.org/wiki/Hudson_Soft
http://ru.wikipedia.org/wiki/ZDF,http://ru.wikipedia.org/wiki/Phoenix_(телеканал)
http://ru.wikipedia.org/wiki/ARD,http://ru.wikipedia.org/wiki/Phoenix_(телеканал)
http://ru.wikipedia.org/wiki/Голос_Исламской_Республики_Иран,http://ru.wikipedia.org/wiki/Press_TV
http://ru.wikipedia.org/wiki/Fender,http://ru.wikipedia.org/wiki/Jackson_Guitars
http://ru.wikipedia.org/wiki/Daimler,http://ru.wikipedia.org/wiki/Sterling_trucks
http://ru.wikipedia.org/wiki/Volkswagen_(концерн),http://ru.wikipedia.org/wiki/Suzuki
http://ru.wikipedia.org/wiki/Sony,http://ru.wikipedia.org/wiki/Sony_Online_Entertainment
http://ru.wikipedia.org/wiki/Sony,http://ru.wikipedia.org/wiki/Sony_Music_Entertainment
http://ru.wikipedia.org/wiki/Sony,http://ru.wikipedia.org/wiki/Sony_Pictures_Animation
http://ru.wikipedia.org/wiki/Time_Warner,http://ru.wikipedia.org/wiki/Warner_Bros._Animation
http://ru.wikipedia.org/wiki/Саудовская_Аравия,http://ru.wikipedia.org/wiki/Аль-Арабия
http://ru.wikipedia.org/wiki/Take-Two_Interactive,http://ru.wikipedia.org/wiki/Rockstar_North
http://ru.wikipedia.org/wiki/Take-Two_Interactive,http://ru.wikipedia.org/wiki/Firaxis_Games
http://ru.wikipedia.org/wiki/Министерство_внутренних_дел_Украины,http://ru.wikipedia.org/wiki/НПО_«Форт»
http://ru.wikipedia.org/wiki/Activision_Blizzard,http://ru.wikipedia.org/wiki/Radical_Entertainment
http://ru.wikipedia.org/wiki/Газпром-Медиа_Холдинг,http://ru.wikipedia.org/wiki/ТНТ
http://ru.wikipedia.org/wiki/Daimler,http://ru.wikipedia.org/wiki/КамАЗ
http://ru.wikipedia.org/wiki/Европейский_банк_реконструкции_и_развития,http://ru.wikipedia.org/wiki/КамАЗ
http://ru.wikipedia.org/wiki/Исландия,http://ru.wikipedia.org/wiki/Лэндсвиркьун
http://ru.wikipedia.org/wiki/Microsoft,http://ru.wikipedia.org/wiki/Rare
http://ru.wikipedia.org/wiki/Политика_Мексики,http://ru.wikipedia.org/wiki/Pemex
http://ru.wikipedia.org/wiki/Time_Warner,http://ru.wikipedia.org/wiki/N-tv
http://ru.wikipedia.org/wiki/Konami,http://ru.wikipedia.org/wiki/Ultra_Games
http://ru.wikipedia.org/wiki/Cheung_Kong_Group,http://ru.wikipedia.org/wiki/Hutchison_Whampoa
"http://ru.wikipedia.org/wiki/Кайзер,_Генри_Джон",http://ru.wikipedia.org/wiki/Kaiser_Motors
http://ru.wikipedia.org/wiki/RTL_Group,http://ru.wikipedia.org/wiki/N-tv
http://ru.wikipedia.org/wiki/Sberbank_CIB,http://ru.wikipedia.org/wiki/КамАЗ
http://ru.wikipedia.org/wiki/Sunrise_(студия),http://ru.wikipedia.org/wiki/Animax
http://ru.wikipedia.org/wiki/TMS_Entertainment,http://ru.wikipedia.org/wiki/Animax
http://ru.wikipedia.org/wiki/Toei_Animation,http://ru.wikipedia.org/wiki/Animax
"http://ru.wikipedia.org/wiki/Иваненко,_Валерия_Владимировна_(медиаменеджер)",http://ru.wikipedia.org/wiki/Международный_славянский_канал
http://ru.wikipedia.org/wiki/Intel,http://ru.wikipedia.org/wiki/Havok_(компания)
http://ru.wikipedia.org/wiki/Ubisoft,http://ru.wikipedia.org/wiki/Related_Designs
http://ru.wikipedia.org/wiki/Ubisoft,http://ru.wikipedia.org/wiki/Ubisoft_Shanghai
http://ru.wikipedia.org/wiki/Take-Two_Interactive,http://ru.wikipedia.org/wiki/Rockstar_New_England
"http://ru.wikipedia.org/wiki/Кронке,_Стэн",http://ru.wikipedia.org/wiki/Outdoor_Channel
http://ru.wikipedia.org/wiki/Activision,http://ru.wikipedia.org/wiki/High_Moon_Studios
http://ru.wikipedia.org/wiki/Fox_Broadcasting_Company,http://ru.wikipedia.org/wiki/Fox_Life
http://ru.wikipedia.org/wiki/TeliaSonera,http://ru.wikipedia.org/wiki/Azercell_Telekom
http://ru.wikipedia.org/wiki/Лукойл,http://ru.wikipedia.org/wiki/ТВ-6
http://ru.wikipedia.org/wiki/News_Corporation,http://ru.wikipedia.org/wiki/MTV_Юго-Восточная_Азия
http://ru.wikipedia.org/wiki/Electronic_Arts,http://ru.wikipedia.org/wiki/Visceral_Games
http://ru.wikipedia.org/wiki/Modern_Times_Group,http://ru.wikipedia.org/wiki/Viasat_Explorer
http://ru.wikipedia.org/wiki/Viacom,http://ru.wikipedia.org/wiki/MTV_Юго-Восточная_Азия
http://ru.wikipedia.org/wiki/Turkcell,http://ru.wikipedia.org/wiki/Azercell_Telekom
"http://ru.wikipedia.org/wiki/Березовский,_Борис_Абрамович",http://ru.wikipedia.org/wiki/ТВ-6
"http://ru.wikipedia.org/wiki/Ламбракис,_Христос",http://ru.wikipedia.org/wiki/Lambrakis_Press_Group
http://ru.wikipedia.org/wiki/Интер_(телеканал),http://ru.wikipedia.org/wiki/MTV_Украина
http://ru.wikipedia.org/wiki/Газпром-Медиа_Холдинг,http://ru.wikipedia.org/wiki/Rutube
http://ru.wikipedia.org/wiki/Hyundai_Motor,http://ru.wikipedia.org/wiki/Kia_Motors
http://ru.wikipedia.org/wiki/Metro-Goldwyn-Mayer,http://ru.wikipedia.org/wiki/Orion_Pictures
http://ru.wikipedia.org/wiki/Warner_Bros.,http://ru.wikipedia.org/wiki/Orion_Pictures
http://ru.wikipedia.org/wiki/Норвегия,http://ru.wikipedia.org/wiki/Норвежская_вещательная_корпорация
http://ru.wikipedia.org/wiki/Fox_International_Channels,http://ru.wikipedia.org/wiki/Sky_News
http://ru.wikipedia.org/wiki/Hoffmann–La_Roche,http://ru.wikipedia.org/wiki/Genentech
http://ru.wikipedia.org/wiki/EBay,http://ru.wikipedia.org/wiki/PayPal
http://ru.wikipedia.org/wiki/Исполнительная_власть_в_Японии,http://ru.wikipedia.org/wiki/Nippon_Telegraph_and_Telephone
http://ru.wikipedia.org/wiki/Банк_Мидзухо,http://ru.wikipedia.org/wiki/East_Japan_Railway_Company
http://ru.wikipedia.org/wiki/Sumitomo_Mitsui_Banking_Corporation,http://ru.wikipedia.org/wiki/East_Japan_Railway_Company
http://ru.wikipedia.org/wiki/Би-би-си,http://ru.wikipedia.org/wiki/BBC_One
http://ru.wikipedia.org/wiki/The_Bank_of_Tokyo-Mitsubishi_UFJ,http://ru.wikipedia.org/wiki/East_Japan_Railway_Company
http://ru.wikipedia.org/wiki/VAP,http://ru.wikipedia.org/wiki/Madhouse
http://ru.wikipedia.org/wiki/General_Motors,http://ru.wikipedia.org/wiki/Vauxhall
"http://ru.wikipedia.org/wiki/Тёрнер,_Тед",http://ru.wikipedia.org/wiki/World_Championship_Wrestling
"http://ru.wikipedia.org/wiki/Макмэн,_Винс",http://ru.wikipedia.org/wiki/World_Championship_Wrestling
http://ru.wikipedia.org/wiki/Dentsu,http://ru.wikipedia.org/wiki/Madhouse
http://ru.wikipedia.org/wiki/Yle,http://ru.wikipedia.org/wiki/YLE_FST5
http://ru.wikipedia.org/wiki/WOWOW,http://ru.wikipedia.org/wiki/Madhouse
http://ru.wikipedia.org/wiki/Take-Two_Interactive,http://ru.wikipedia.org/wiki/2K_Games
http://ru.wikipedia.org/wiki/Take-Two_Interactive,http://ru.wikipedia.org/wiki/2K_Sports
http://ru.wikipedia.org/wiki/Take-Two_Interactive,http://ru.wikipedia.org/wiki/2K_Czech
http://ru.wikipedia.org/wiki/StarLightMedia,http://ru.wikipedia.org/wiki/ICTV_(телеканал)
http://ru.wikipedia.org/wiki/Sumitomo_Mitsui_Banking_Corporation,http://ru.wikipedia.org/wiki/West_Japan_Railway_Company
http://ru.wikipedia.org/wiki/La_Poste,http://ru.wikipedia.org/wiki/Dynamic_Parcel_Distribution
http://ru.wikipedia.org/wiki/The_Bank_of_Tokyo-Mitsubishi_UFJ,http://ru.wikipedia.org/wiki/West_Japan_Railway_Company
http://ru.wikipedia.org/wiki/Ball_(компания),http://ru.wikipedia.org/wiki/Ball_Aerospace_&_Technologies
http://ru.wikipedia.org/wiki/Sumitomo_Mitsui_Banking_Corporation,http://ru.wikipedia.org/wiki/Madhouse
http://ru.wikipedia.org/wiki/Китайская_Народная_Республика,http://ru.wikipedia.org/wiki/China_Unicom
http://ru.wikipedia.org/wiki/Общественно-правовое_вещание,http://ru.wikipedia.org/wiki/Болгарское_национальное_телевидение
http://ru.wikipedia.org/wiki/Electronic_Arts,http://ru.wikipedia.org/wiki/EA_Digital_Illusions_CE
"http://ru.wikipedia.org/wiki/Кэннон,_Ник",http://ru.wikipedia.org/wiki/TeenNick
http://ru.wikipedia.org/wiki/Правительство_Российской_Федерации,http://ru.wikipedia.org/wiki/Первый_канал_(Россия)
"http://ru.wikipedia.org/wiki/Шейфер,_Тим",http://ru.wikipedia.org/wiki/Double_Fine_Productions
"http://ru.wikipedia.org/wiki/Дайсон,_Джеймс",http://ru.wikipedia.org/wiki/Dyson
http://ru.wikipedia.org/wiki/Google_(компания),http://ru.wikipedia.org/wiki/Orkut
"http://ru.wikipedia.org/wiki/Джарретт,_Джефф",http://ru.wikipedia.org/wiki/Total_Nonstop_Action_Wrestling
http://ru.wikipedia.org/wiki/Daimler,http://ru.wikipedia.org/wiki/Thomas_Built_Buses
http://ru.wikipedia.org/wiki/Canadian_Broadcasting_Corporation,http://ru.wikipedia.org/wiki/TV5_Monde
http://ru.wikipedia.org/wiki/The_Capital_Group_Companies,http://ru.wikipedia.org/wiki/ASML
http://ru.wikipedia.org/wiki/Arte_(телеканал),http://ru.wikipedia.org/wiki/TV5_Monde
http://ru.wikipedia.org/wiki/Anheuser-Busch_InBev,http://ru.wikipedia.org/wiki/Боддингтонс_паб_эль
http://ru.wikipedia.org/wiki/Carlsberg,http://ru.wikipedia.org/wiki/Холстен
http://ru.wikipedia.org/wiki/Groupe_Canal+,http://ru.wikipedia.org/wiki/Canal+
http://ru.wikipedia.org/wiki/NBC_Universal,http://ru.wikipedia.org/wiki/Telemundo
http://ru.wikipedia.org/wiki/Государственный_совет_КНР,http://ru.wikipedia.org/wiki/CITIC
http://ru.wikipedia.org/wiki/Украина,http://ru.wikipedia.org/wiki/Завод_имени_Малышева
http://ru.wikipedia.org/wiki/Time_Warner,http://ru.wikipedia.org/wiki/Rocksteady_Studios
http://ru.wikipedia.org/wiki/Crytek,http://ru.wikipedia.org/wiki/Crytek_Black_Sea
http://ru.wikipedia.org/wiki/Finmeccanica,http://ru.wikipedia.org/wiki/Alenia_Aeronautica
http://ru.wikipedia.org/wiki/Верховная_рада_Украины,http://ru.wikipedia.org/wiki/Рада_(телеканал)
http://ru.wikipedia.org/wiki/Греческая_корпорация_телерадиовещания,http://ru.wikipedia.org/wiki/ΕΤ3
http://ru.wikipedia.org/wiki/Греческая_корпорация_телерадиовещания,http://ru.wikipedia.org/wiki/ΕΤ1
http://ru.wikipedia.org/wiki/ARD,http://ru.wikipedia.org/wiki/Das_Erste
http://ru.wikipedia.org/wiki/Central_European_Media_Enterprises,http://ru.wikipedia.org/wiki/TV_Nova
"http://ru.wikipedia.org/wiki/Жеваго,_Константин_Валентинович",http://ru.wikipedia.org/wiki/Кременчугский_автомобильный_завод
http://ru.wikipedia.org/wiki/Isuzu,http://ru.wikipedia.org/wiki/Anadolu_Isuzu
http://ru.wikipedia.org/wiki/Ford_Motor_Company_of_Australia,http://ru.wikipedia.org/wiki/Ford_Performance_Vehicles
http://ru.wikipedia.org/wiki/Fuji_Television,http://ru.wikipedia.org/wiki/Toei_Animation
http://ru.wikipedia.org/wiki/Yahoo!,http://ru.wikipedia.org/wiki/Yahoo!_Japan
http://ru.wikipedia.org/wiki/Ubisoft,http://ru.wikipedia.org/wiki/Ubisoft_Blue_Byte
http://ru.wikipedia.org/wiki/NBC_Universal,http://ru.wikipedia.org/wiki/Universal_(телеканал)
http://ru.wikipedia.org/wiki/Частный_сектор_экономики,http://ru.wikipedia.org/wiki/Iran_Khodro
http://ru.wikipedia.org/wiki/SoftBank,http://ru.wikipedia.org/wiki/Yahoo!_Japan
http://ru.wikipedia.org/wiki/TV_Asahi,http://ru.wikipedia.org/wiki/Toei_Animation
http://ru.wikipedia.org/wiki/Ян_Хён_Сок,http://ru.wikipedia.org/wiki/YG_Entertainment
http://ru.wikipedia.org/wiki/Toei,http://ru.wikipedia.org/wiki/Toei_Animation
http://ru.wikipedia.org/wiki/Virgin_Group,http://ru.wikipedia.org/wiki/Virgin_Interactive
http://ru.wikipedia.org/wiki/Клифф_Барнс,http://ru.wikipedia.org/wiki/Семья_Юингов
http://ru.wikipedia.org/wiki/Челси_(футбольный_клуб),http://ru.wikipedia.org/wiki/Chelsea_TV
http://ru.wikipedia.org/wiki/Совет_Министров_Республики_Беларусь,http://ru.wikipedia.org/wiki/Беларусбанк
http://ru.wikipedia.org/wiki/Modern_Times_Group,http://ru.wikipedia.org/wiki/TV1000
http://ru.wikipedia.org/wiki/ThyssenKrupp,http://ru.wikipedia.org/wiki/Howaldtswerke-Deutsche_Werft
http://ru.wikipedia.org/wiki/MBC_Plus,http://ru.wikipedia.org/wiki/MBCGame
http://ru.wikipedia.org/wiki/A.P._Moller-Maersk_Group,http://ru.wikipedia.org/wiki/DFDS
http://ru.wikipedia.org/wiki/Avaya,http://ru.wikipedia.org/wiki/Radvision
http://ru.wikipedia.org/wiki/Правительство_Российской_Федерации,http://ru.wikipedia.org/wiki/Гознак
http://ru.wikipedia.org/wiki/Kuju_Entertainment,http://ru.wikipedia.org/wiki/Vatra_Games
http://ru.wikipedia.org/wiki/Совет_Министров_Республики_Беларусь,http://ru.wikipedia.org/wiki/Белтелеком
http://ru.wikipedia.org/wiki/Национальная_государственная_телерадиокомпания_Республики_Беларусь,http://ru.wikipedia.org/wiki/Беларусь-ТВ
http://ru.wikipedia.org/wiki/Азербайджан,http://ru.wikipedia.org/wiki/Азермарка
http://ru.wikipedia.org/wiki/Ubisoft,http://ru.wikipedia.org/wiki/Ubisoft_Ukraine
http://ru.wikipedia.org/wiki/NBC_Universal,http://ru.wikipedia.org/wiki/Diva_Universal
http://ru.wikipedia.org/wiki/Legrand,http://ru.wikipedia.org/wiki/Bticino
http://ru.wikipedia.org/wiki/Польское_телевидение,http://ru.wikipedia.org/wiki/TVP_Info
http://ru.wikipedia.org/wiki/RAI,http://ru.wikipedia.org/wiki/Rai_Scuola
http://ru.wikipedia.org/wiki/Государственный_совет_КНР,http://ru.wikipedia.org/wiki/Синьхуа
http://ru.wikipedia.org/wiki/Toyota,http://ru.wikipedia.org/wiki/Central_Japan_Railway_Company
http://ru.wikipedia.org/wiki/Time_Warner,http://ru.wikipedia.org/wiki/NetherRealm_Studios
http://ru.wikipedia.org/wiki/News_Corporation,http://ru.wikipedia.org/wiki/4Kids_TV
http://ru.wikipedia.org/wiki/Anheuser-Busch_InBev,http://ru.wikipedia.org/wiki/Beck's
http://ru.wikipedia.org/wiki/Королевство_Нидерландов,http://ru.wikipedia.org/wiki/ABN_AMRO
http://ru.wikipedia.org/wiki/Progressive_Enterprises,http://ru.wikipedia.org/wiki/Countdown_(супермаркет)
http://ru.wikipedia.org/wiki/Земли_Германии,http://ru.wikipedia.org/wiki/ZDF
http://ru.wikipedia.org/wiki/Viacom,http://ru.wikipedia.org/wiki/Comedy_Central
http://ru.wikipedia.org/wiki/NBC_Universal,http://ru.wikipedia.org/wiki/Syfy_Universal
"http://ru.wikipedia.org/wiki/Девос,_Ричард_М.",http://ru.wikipedia.org/wiki/Alticor
http://ru.wikipedia.org/wiki/Банк_Мидзухо,http://ru.wikipedia.org/wiki/Central_Japan_Railway_Company
http://ru.wikipedia.org/wiki/SOCEMIE,http://ru.wikipedia.org/wiki/Euronews
http://ru.wikipedia.org/wiki/The_Walt_Disney_Company,http://ru.wikipedia.org/wiki/Touchstone_Pictures
http://ru.wikipedia.org/wiki/Церковь_Объединения,http://ru.wikipedia.org/wiki/Пхёнхва_Моторс
http://ru.wikipedia.org/wiki/KfW,http://ru.wikipedia.org/wiki/Deutsche_Post_AG
http://ru.wikipedia.org/wiki/JPMorgan_Chase,http://ru.wikipedia.org/wiki/Tribune_Company
http://ru.wikipedia.org/wiki/Deutsche_Post_AG,http://ru.wikipedia.org/wiki/DHL
http://ru.wikipedia.org/wiki/Take-Two_Interactive,http://ru.wikipedia.org/wiki/Rockstar_Games
http://ru.wikipedia.org/wiki/Sveriges_Radio,http://ru.wikipedia.org/wiki/Sveriges_Television
http://ru.wikipedia.org/wiki/The_Bank_of_Tokyo-Mitsubishi_UFJ,http://ru.wikipedia.org/wiki/Central_Japan_Railway_Company
http://ru.wikipedia.org/wiki/Audi,http://ru.wikipedia.org/wiki/Quattro_GmbH
http://ru.wikipedia.org/wiki/BMW,http://ru.wikipedia.org/wiki/BMW_M
http://ru.wikipedia.org/wiki/Sony,http://ru.wikipedia.org/wiki/Guerrilla_Games
http://ru.wikipedia.org/wiki/Sony,http://ru.wikipedia.org/wiki/Sucker_Punch_Productions
http://ru.wikipedia.org/wiki/News_Corporation,http://ru.wikipedia.org/wiki/Blue_Sky_Studios
http://ru.wikipedia.org/wiki/Heineken,http://ru.wikipedia.org/wiki/Amstel_(компания)
http://ru.wikipedia.org/wiki/Anheuser-Busch_InBev,http://ru.wikipedia.org/wiki/Hoegaarden
http://ru.wikipedia.org/wiki/THQ,http://ru.wikipedia.org/wiki/Vigil_Games
http://ru.wikipedia.org/wiki/Правительство_Российской_Федерации,http://ru.wikipedia.org/wiki/Мострансавто
http://ru.wikipedia.org/wiki/Интер_(телеканал),http://ru.wikipedia.org/wiki/Мега_(телеканал)
http://ru.wikipedia.org/wiki/American_Broadcasting_Company,http://ru.wikipedia.org/wiki/Worldvision_Enterprises
http://ru.wikipedia.org/wiki/Государственный_строй_Ирана,http://ru.wikipedia.org/wiki/Национальная_иранская_нефтяная_компания
http://ru.wikipedia.org/wiki/Литва,http://ru.wikipedia.org/wiki/Литовские_железные_дороги
http://ru.wikipedia.org/wiki/LVMH,http://ru.wikipedia.org/wiki/Bulgari
http://ru.wikipedia.org/wiki/Греческая_корпорация_телерадиовещания,http://ru.wikipedia.org/wiki/Голос_Греции
http://ru.wikipedia.org/wiki/Take-Two_Interactive,http://ru.wikipedia.org/wiki/Irrational_Games
http://ru.wikipedia.org/wiki/Elbit_Systems,http://ru.wikipedia.org/wiki/Солтам
http://ru.wikipedia.org/wiki/Правительство_КНДР,http://ru.wikipedia.org/wiki/Корейское_центральное_телевидение
http://ru.wikipedia.org/wiki/Турецкая_телерадиокомпания,http://ru.wikipedia.org/wiki/Голос_Турции
"http://ru.wikipedia.org/wiki/Порошенко,_Пётр_Алексеевич",http://ru.wikipedia.org/wiki/5_канал
"http://ru.wikipedia.org/wiki/Несис,_Александр_Натанович",http://ru.wikipedia.org/wiki/Полиметалл
"http://ru.wikipedia.org/wiki/Мамут,_Александр_Леонидович",http://ru.wikipedia.org/wiki/Полиметалл
"http://ru.wikipedia.org/wiki/Келлнер,_Петр",http://ru.wikipedia.org/wiki/Полиметалл
http://ru.wikipedia.org/wiki/Всероссийская_государственная_телевизионная_и_радиовещательная_компания,http://ru.wikipedia.org/wiki/Бибигон_(телеканал)
"http://ru.wikipedia.org/wiki/Коломойский,_Игорь_Валерьевич",http://ru.wikipedia.org/wiki/ПриватБанк
http://ru.wikipedia.org/wiki/Take-Two_Interactive,http://ru.wikipedia.org/wiki/Rockstar_Vancouver
http://ru.wikipedia.org/wiki/Time_Warner,http://ru.wikipedia.org/wiki/Monolith_Productions
http://ru.wikipedia.org/wiki/News_Corporation,http://ru.wikipedia.org/wiki/Fox_Searchlight_Pictures
http://ru.wikipedia.org/wiki/Square_Enix,http://ru.wikipedia.org/wiki/Eidos_Interactive
http://ru.wikipedia.org/wiki/Emerson_Electric,http://ru.wikipedia.org/wiki/Chloride_Group_plc
http://ru.wikipedia.org/wiki/Square_Enix_Europe,http://ru.wikipedia.org/wiki/Eidos_Interactive
http://ru.wikipedia.org/wiki/Би-би-си,http://ru.wikipedia.org/wiki/BBC_Parliament
http://ru.wikipedia.org/wiki/Daimler,http://ru.wikipedia.org/wiki/Adtranz
http://ru.wikipedia.org/wiki/The_Walt_Disney_Company,http://ru.wikipedia.org/wiki/Hulu
http://ru.wikipedia.org/wiki/Приват,http://ru.wikipedia.org/wiki/УНИАН
http://ru.wikipedia.org/wiki/Paramount_Pictures,http://ru.wikipedia.org/wiki/MTV_Films
http://ru.wikipedia.org/wiki/Польша,http://ru.wikipedia.org/wiki/Польские_государственные_железные_дороги
http://ru.wikipedia.org/wiki/Daimler-Benz,http://ru.wikipedia.org/wiki/Adtranz
http://ru.wikipedia.org/wiki/ABB,http://ru.wikipedia.org/wiki/Adtranz
http://ru.wikipedia.org/wiki/Viacom,http://ru.wikipedia.org/wiki/MTV_Films
http://ru.wikipedia.org/wiki/Правительство_Российской_Федерации,http://ru.wikipedia.org/wiki/Роснефть
http://ru.wikipedia.org/wiki/Take-Two_Interactive,http://ru.wikipedia.org/wiki/Rockstar_San_Diego
http://ru.wikipedia.org/wiki/Take-Two_Interactive,http://ru.wikipedia.org/wiki/Rockstar_Toronto
http://ru.wikipedia.org/wiki/Take-Two_Interactive,http://ru.wikipedia.org/wiki/Rockstar_Leeds
http://ru.wikipedia.org/wiki/Bauer_Media_Group,http://ru.wikipedia.org/wiki/RTL_II
http://ru.wikipedia.org/wiki/RTL_Group,http://ru.wikipedia.org/wiki/RTL_II
http://ru.wikipedia.org/wiki/BP,http://ru.wikipedia.org/wiki/Роснефть
http://ru.wikipedia.org/wiki/Министерство_торговли_и_промышленности_Норвегии,http://ru.wikipedia.org/wiki/Store_Norske
http://ru.wikipedia.org/wiki/De_Beers,http://ru.wikipedia.org/wiki/Debswana
http://ru.wikipedia.org/wiki/Европейский_банк_реконструкции_и_развития,http://ru.wikipedia.org/wiki/GM-АВТОВАЗ
http://ru.wikipedia.org/wiki/АвтоВАЗ,http://ru.wikipedia.org/wiki/GM-АВТОВАЗ
http://ru.wikipedia.org/wiki/General_Motors,http://ru.wikipedia.org/wiki/GM-АВТОВАЗ
http://ru.wikipedia.org/wiki/Square_Enix,http://ru.wikipedia.org/wiki/Square_Enix_Europe
http://ru.wikipedia.org/wiki/Европейский_банк_реконструкции_и_развития,http://ru.wikipedia.org/wiki/Komercijalna_banka
http://ru.wikipedia.org/wiki/Renault,http://ru.wikipedia.org/wiki/Oyak-Renault
http://ru.wikipedia.org/wiki/LVMH,http://ru.wikipedia.org/wiki/Berluti
http://ru.wikipedia.org/wiki/Норвежская_вещательная_корпорация,http://ru.wikipedia.org/wiki/NRK1
http://ru.wikipedia.org/wiki/Правительство_Сербии,http://ru.wikipedia.org/wiki/Komercijalna_banka
http://ru.wikipedia.org/wiki/Правительство_Российской_Федерации,http://ru.wikipedia.org/wiki/Транснефть
"http://ru.wikipedia.org/wiki/Колесников,_Борис_Викторович",http://ru.wikipedia.org/wiki/XSPORT
http://ru.wikipedia.org/wiki/ARD,http://ru.wikipedia.org/wiki/ARD
http://ru.wikipedia.org/wiki/Систем_Кэпитал_Менеджмент,http://ru.wikipedia.org/wiki/Украина_(телеканал)
http://ru.wikipedia.org/wiki/Китайская_Народная_Республика,http://ru.wikipedia.org/wiki/China_Mobile
http://ru.wikipedia.org/wiki/Sony,http://ru.wikipedia.org/wiki/Evolution_Studios
http://ru.wikipedia.org/wiki/Toyota,http://ru.wikipedia.org/wiki/Denso
http://ru.wikipedia.org/wiki/Caterpillar,http://ru.wikipedia.org/wiki/Electro-Motive_Diesel
http://ru.wikipedia.org/wiki/Heineken,http://ru.wikipedia.org/wiki/Бимиш
http://ru.wikipedia.org/wiki/Vivendi,http://ru.wikipedia.org/wiki/Activision_Blizzard
http://ru.wikipedia.org/wiki/ARD,http://ru.wikipedia.org/wiki/Deutsche_Welle
http://ru.wikipedia.org/wiki/CME_Group,http://ru.wikipedia.org/wiki/Чикагская_товарная_биржа
http://ru.wikipedia.org/wiki/General_Motors,http://ru.wikipedia.org/wiki/GMC_(автомобильная_марка)
http://ru.wikipedia.org/wiki/Sony,http://ru.wikipedia.org/wiki/Naughty_Dog
http://ru.wikipedia.org/wiki/Bell_Media,http://ru.wikipedia.org/wiki/MuchMusic
http://ru.wikipedia.org/wiki/Square_Enix,http://ru.wikipedia.org/wiki/IO_Interactive
http://ru.wikipedia.org/wiki/Viacom,http://ru.wikipedia.org/wiki/GameTrailers
http://ru.wikipedia.org/wiki/1932_год_в_авиации,http://ru.wikipedia.org/wiki/Hughes_Aircraft
http://ru.wikipedia.org/wiki/1953_год_в_авиации,http://ru.wikipedia.org/wiki/Hughes_Aircraft
http://ru.wikipedia.org/wiki/1985_год_в_авиации,http://ru.wikipedia.org/wiki/Hughes_Aircraft
http://ru.wikipedia.org/wiki/Газпром-Медиа_Холдинг,http://ru.wikipedia.org/wiki/НТВ-Плюс
http://ru.wikipedia.org/wiki/Sony,http://ru.wikipedia.org/wiki/Polyphony_Digital
http://ru.wikipedia.org/wiki/Time_Warner,http://ru.wikipedia.org/wiki/Surreal_Software
http://ru.wikipedia.org/wiki/The_Capital_Group_Companies,http://ru.wikipedia.org/wiki/Schneider_Electric
http://ru.wikipedia.org/wiki/Luxottica,http://ru.wikipedia.org/wiki/Ray-Ban
http://ru.wikipedia.org/wiki/Renault,http://ru.wikipedia.org/wiki/Renault_Samsung_Motors
http://ru.wikipedia.org/wiki/Samsung,http://ru.wikipedia.org/wiki/Renault_Samsung_Motors
http://ru.wikipedia.org/wiki/Viacom,http://ru.wikipedia.org/wiki/Paramount_Vantage
http://ru.wikipedia.org/wiki/THQ,http://ru.wikipedia.org/wiki/Relic_Entertainment
http://ru.wikipedia.org/wiki/Samsung_Electronics,http://ru.wikipedia.org/wiki/Samsung_Heavy_Industries
http://ru.wikipedia.org/wiki/RAI,http://ru.wikipedia.org/wiki/San_Marino_RTV
http://ru.wikipedia.org/wiki/RTL_Group,http://ru.wikipedia.org/wiki/RTL_Television
http://ru.wikipedia.org/wiki/Sega,http://ru.wikipedia.org/wiki/Relic_Entertainment
http://ru.wikipedia.org/wiki/Украина,http://ru.wikipedia.org/wiki/Украинские_железные_дороги
http://ru.wikipedia.org/wiki/Warner_Bros.,http://ru.wikipedia.org/wiki/The_CW_Television_Network
"http://ru.wikipedia.org/wiki/Махмудов,_Искандар_Кахрамонович",http://ru.wikipedia.org/wiki/Трансмашхолдинг
http://ru.wikipedia.org/wiki/Time_Warner,http://ru.wikipedia.org/wiki/The_CW_Television_Network
http://ru.wikipedia.org/wiki/Alstom,http://ru.wikipedia.org/wiki/Трансмашхолдинг
http://ru.wikipedia.org/wiki/Российские_железные_дороги,http://ru.wikipedia.org/wiki/Трансмашхолдинг
http://ru.wikipedia.org/wiki/Sega,http://ru.wikipedia.org/wiki/Creative_Assembly
http://ru.wikipedia.org/wiki/CBS_Corporation,http://ru.wikipedia.org/wiki/The_CW_Television_Network
http://ru.wikipedia.org/wiki/Sony,http://ru.wikipedia.org/wiki/Psygnosis_Limited
http://ru.wikipedia.org/wiki/Правительство_Российской_Федерации,http://ru.wikipedia.org/wiki/Совкомфлот
http://ru.wikipedia.org/wiki/StarLightMedia,http://ru.wikipedia.org/wiki/Новый_канал
http://ru.wikipedia.org/wiki/NASDAQ_OMX_Group,http://ru.wikipedia.org/wiki/Армянская_фондовая_биржа
http://ru.wikipedia.org/wiki/Турецкая_телерадиокомпания,http://ru.wikipedia.org/wiki/TRT_1
http://ru.wikipedia.org/wiki/Telekom_Srbija,http://ru.wikipedia.org/wiki/Telekom_Srbija
http://ru.wikipedia.org/wiki/Би-би-си,http://ru.wikipedia.org/wiki/Русская_служба_Би-би-си
http://ru.wikipedia.org/wiki/Ювентус,http://ru.wikipedia.org/wiki/Juventus_Channel
http://ru.wikipedia.org/wiki/Paramount_Pictures,http://ru.wikipedia.org/wiki/Nickelodeon_Movies
http://ru.wikipedia.org/wiki/BNP_Paribas,http://ru.wikipedia.org/wiki/УкрСиббанк
http://ru.wikipedia.org/wiki/Viacom,http://ru.wikipedia.org/wiki/Nickelodeon_Movies
http://ru.wikipedia.org/wiki/Trimble_Navigation,http://ru.wikipedia.org/wiki/Tekla
http://ru.wikipedia.org/wiki/Президент_Турецкой_Республики_Северного_Кипра,http://ru.wikipedia.org/wiki/Bayrak
http://ru.wikipedia.org/wiki/Microsoft,http://ru.wikipedia.org/wiki/Turn_10_Studios
http://ru.wikipedia.org/wiki/Electronic_Arts,http://ru.wikipedia.org/wiki/EA_Los_Angeles
http://ru.wikipedia.org/wiki/Польское_телевидение,http://ru.wikipedia.org/wiki/TVP_Polonia
http://ru.wikipedia.org/wiki/Procter_&_Gamble,http://ru.wikipedia.org/wiki/Pampers
http://ru.wikipedia.org/wiki/Кабинет_министров_Латвии,http://ru.wikipedia.org/wiki/Latvijas_Pasts
http://ru.wikipedia.org/wiki/The_Walt_Disney_Company,http://ru.wikipedia.org/wiki/Black_Rock_Studio
http://ru.wikipedia.org/wiki/Укроборонпром,http://ru.wikipedia.org/wiki/Харьковское_конструкторское_бюро_машиностроения
http://ru.wikipedia.org/wiki/Marriott_International,http://ru.wikipedia.org/wiki/Ritz-Carlton
http://ru.wikipedia.org/wiki/Google_(компания),http://ru.wikipedia.org/wiki/Карты_Google
http://ru.wikipedia.org/wiki/Интер_(телеканал),http://ru.wikipedia.org/wiki/Интер_(телеканал)
http://ru.wikipedia.org/wiki/CBS,http://ru.wikipedia.org/wiki/TriStar_Pictures
http://ru.wikipedia.org/wiki/Всероссийская_государственная_телевизионная_и_радиовещательная_компания,http://ru.wikipedia.org/wiki/Голос_России
http://ru.wikipedia.org/wiki/Sony,http://ru.wikipedia.org/wiki/TriStar_Pictures
http://ru.wikipedia.org/wiki/Государственный_строй_Австрии,http://ru.wikipedia.org/wiki/Österreichischer_Rundfunk
http://ru.wikipedia.org/wiki/HBO,http://ru.wikipedia.org/wiki/TriStar_Pictures
http://ru.wikipedia.org/wiki/Time_Inc.,http://ru.wikipedia.org/wiki/TriStar_Pictures
http://ru.wikipedia.org/wiki/SABMiller,http://ru.wikipedia.org/wiki/Grolsch
http://ru.wikipedia.org/wiki/Electronic_Arts,http://ru.wikipedia.org/wiki/The_Sims_Studio
http://ru.wikipedia.org/wiki/Modern_Times_Group,http://ru.wikipedia.org/wiki/СТБ
http://ru.wikipedia.org/wiki/Нихон_кэйдзай_симбун,http://ru.wikipedia.org/wiki/TV_Tokyo
http://ru.wikipedia.org/wiki/Ubisoft,http://ru.wikipedia.org/wiki/Ubisoft_Reflections
http://ru.wikipedia.org/wiki/Правительство_Российской_Федерации,http://ru.wikipedia.org/wiki/Объединённая_авиастроительная_корпорация
"http://ru.wikipedia.org/wiki/Ахметов,_Ринат_Леонидович",http://ru.wikipedia.org/wiki/Систем_Кэпитал_Менеджмент
http://ru.wikipedia.org/wiki/StarLightMedia,http://ru.wikipedia.org/wiki/СТБ
http://ru.wikipedia.org/wiki/Activision_Blizzard,http://ru.wikipedia.org/wiki/Sledgehammer_Games
http://ru.wikipedia.org/wiki/The_Coca-Cola_Company,http://ru.wikipedia.org/wiki/TriStar_Pictures
http://ru.wikipedia.org/wiki/Televisa,http://ru.wikipedia.org/wiki/Univision
http://ru.wikipedia.org/wiki/Государственная_нефтяная_компания_Азербайджанской_Республики,http://ru.wikipedia.org/wiki/Petkim_Petrokimya
http://ru.wikipedia.org/wiki/Греческая_корпорация_телерадиовещания,http://ru.wikipedia.org/wiki/NET_(Греция)
http://ru.wikipedia.org/wiki/Польское_телевидение,http://ru.wikipedia.org/wiki/TVP2
http://ru.wikipedia.org/wiki/Комитет_по_контролю_и_управлению_государственным_имуществом_Китая_(SASAC),http://ru.wikipedia.org/wiki/China_Communications_Construction
http://ru.wikipedia.org/wiki/Volkswagen_(концерн),http://ru.wikipedia.org/wiki/Rolls-Royce_Motors
http://ru.wikipedia.org/wiki/Apple,http://ru.wikipedia.org/wiki/P.A._Semi
http://ru.wikipedia.org/wiki/BMW,http://ru.wikipedia.org/wiki/Rolls-Royce_Motors
http://ru.wikipedia.org/wiki/Совет_Министров_Республики_Беларусь,http://ru.wikipedia.org/wiki/Национальная_государственная_телерадиокомпания_Республики_Беларусь
http://ru.wikipedia.org/wiki/Государственный_строй_Азербайджана,http://ru.wikipedia.org/wiki/AzTV
http://ru.wikipedia.org/wiki/Telenor,http://ru.wikipedia.org/wiki/VimpelCom_Ltd.
http://ru.wikipedia.org/wiki/Modern_Times_Group,http://ru.wikipedia.org/wiki/TV3_Eesti
http://ru.wikipedia.org/wiki/Modern_Times_Group,http://ru.wikipedia.org/wiki/Диема
http://ru.wikipedia.org/wiki/Правительство_Сербии,http://ru.wikipedia.org/wiki/Железнице_Србије
http://ru.wikipedia.org/wiki/NBC_Universal,http://ru.wikipedia.org/wiki/KidsCo
"http://ru.wikipedia.org/wiki/Пинчук,_Виктор_Михайлович",http://ru.wikipedia.org/wiki/Интерпайп
http://ru.wikipedia.org/wiki/Altimo,http://ru.wikipedia.org/wiki/VimpelCom_Ltd.
http://ru.wikipedia.org/wiki/Toshiba,http://ru.wikipedia.org/wiki/Ikegami
"http://ru.wikipedia.org/wiki/Мельниченко,_Андрей_Игоревич",http://ru.wikipedia.org/wiki/Сибирская_угольная_энергетическая_компания
http://ru.wikipedia.org/wiki/Государственный_строй_Греции,http://ru.wikipedia.org/wiki/Афинско-Македонское_агентство_новостей
http://ru.wikipedia.org/wiki/Россия,http://ru.wikipedia.org/wiki/Банк_ВТБ
http://ru.wikipedia.org/wiki/Disney_Channel,http://ru.wikipedia.org/wiki/Узнавайка_Disney
http://ru.wikipedia.org/wiki/Electronic_Arts,http://ru.wikipedia.org/wiki/Mythic_Entertainment
http://ru.wikipedia.org/wiki/Болгарское_национальное_телевидение,http://ru.wikipedia.org/wiki/БНТ_1
http://ru.wikipedia.org/wiki/Activision_Blizzard,http://ru.wikipedia.org/wiki/Toys_For_Bob
http://ru.wikipedia.org/wiki/Москва,http://ru.wikipedia.org/wiki/ТВ_Центр
http://ru.wikipedia.org/wiki/СТС_Медиа,http://ru.wikipedia.org/wiki/Домашний
http://ru.wikipedia.org/wiki/Правительство_Казахстана,http://ru.wikipedia.org/wiki/Самрук-Казына
http://ru.wikipedia.org/wiki/SABMiller,http://ru.wikipedia.org/wiki/Plzeňský_Prazdroj
http://ru.wikipedia.org/wiki/Electronic_Arts,http://ru.wikipedia.org/wiki/EA_Phenomic
http://ru.wikipedia.org/wiki/Общество_с_ограниченной_ответственностью,http://ru.wikipedia.org/wiki/Одесская_киностудия
http://ru.wikipedia.org/wiki/Интеррос,http://ru.wikipedia.org/wiki/Nickelodeon_(СНГ)
http://ru.wikipedia.org/wiki/Avia_Solutions_Group,http://ru.wikipedia.org/wiki/FL_Technics
http://ru.wikipedia.org/wiki/The_Walt_Disney_Company,http://ru.wikipedia.org/wiki/Disney_Nature
http://ru.wikipedia.org/wiki/Газпромбанк,http://ru.wikipedia.org/wiki/Газпром-Медиа_Холдинг
http://ru.wikipedia.org/wiki/BMW,http://ru.wikipedia.org/wiki/BMW_i
"http://ru.wikipedia.org/wiki/Роулинг,_Джоан",http://ru.wikipedia.org/wiki/Pottermore
http://ru.wikipedia.org/wiki/Viacom,http://ru.wikipedia.org/wiki/MTV_Индонезия
http://ru.wikipedia.org/wiki/Ubisoft,http://ru.wikipedia.org/wiki/Ubisoft_Quebec
http://ru.wikipedia.org/wiki/Ubisoft,http://ru.wikipedia.org/wiki/Ubisoft_Montreal
http://ru.wikipedia.org/wiki/Государственный_строй_Ирана,http://ru.wikipedia.org/wiki/Голос_Исламской_Республики_Иран
http://ru.wikipedia.org/wiki/СТС_Медиа,http://ru.wikipedia.org/wiki/31_канал_(Казахстан)
http://ru.wikipedia.org/wiki/Electronic_Arts,http://ru.wikipedia.org/wiki/Ghost_Games
http://ru.wikipedia.org/wiki/Sony_Pictures_Entertainment,http://ru.wikipedia.org/wiki/Sony_Sci-Fi
http://ru.wikipedia.org/wiki/Thales,http://ru.wikipedia.org/wiki/DCNS
http://ru.wikipedia.org/wiki/McLaren_Group,http://ru.wikipedia.org/wiki/McLaren
http://ru.wikipedia.org/wiki/DreamWorks,http://ru.wikipedia.org/wiki/DreamWorks_Animation_SKG
http://ru.wikipedia.org/wiki/20th_Century_Fox,http://ru.wikipedia.org/wiki/Fox_Atomic
http://ru.wikipedia.org/wiki/Kohlberg_Kravis_Roberts,http://ru.wikipedia.org/wiki/First_Data
http://ru.wikipedia.org/wiki/Daimler,http://ru.wikipedia.org/wiki/Smart_(автомобильная_марка)
http://ru.wikipedia.org/wiki/Государственный_строй_Норвегии,http://ru.wikipedia.org/wiki/Statoil
http://ru.wikipedia.org/wiki/The_Walt_Disney_Company,http://ru.wikipedia.org/wiki/History_Channel
http://ru.wikipedia.org/wiki/Украина,"http://ru.wikipedia.org/wiki/Арсенал_(завод,_Киев)"
http://ru.wikipedia.org/wiki/Miramax_Films,http://ru.wikipedia.org/wiki/Dimension_Films
http://ru.wikipedia.org/wiki/Electronic_Arts,http://ru.wikipedia.org/wiki/Criterion_Games
http://ru.wikipedia.org/wiki/NCSoft,http://ru.wikipedia.org/wiki/ArenaNet
http://ru.wikipedia.org/wiki/Национальная_государственная_телерадиокомпания_Республики_Беларусь,http://ru.wikipedia.org/wiki/Беларусь_(радиостанция)
http://ru.wikipedia.org/wiki/The_Weinstein_Company,http://ru.wikipedia.org/wiki/Dimension_Films
http://ru.wikipedia.org/wiki/Daimler,http://ru.wikipedia.org/wiki/Tesla_Motors
"http://ru.wikipedia.org/wiki/Маск,_Элон",http://ru.wikipedia.org/wiki/Tesla_Motors
http://ru.wikipedia.org/wiki/RTL_Group,http://ru.wikipedia.org/wiki/VOX_(телеканал)
http://ru.wikipedia.org/wiki/RTL_Television,http://ru.wikipedia.org/wiki/VOX_(телеканал)
http://ru.wikipedia.org/wiki/Toyota_Group,http://ru.wikipedia.org/wiki/Tesla_Motors
http://ru.wikipedia.org/wiki/Государственный_совет_КНР,http://ru.wikipedia.org/wiki/Aluminum_Corporation_of_China
http://ru.wikipedia.org/wiki/Бельгия,http://ru.wikipedia.org/wiki/Lactalis
http://ru.wikipedia.org/wiki/Tata_Group,http://ru.wikipedia.org/wiki/Corus
http://ru.wikipedia.org/wiki/Konami,http://ru.wikipedia.org/wiki/Kojima_Productions
"http://ru.wikipedia.org/wiki/Коломойский,_Игорь_Валерьевич",http://ru.wikipedia.org/wiki/Jewish_News_One
http://ru.wikipedia.org/wiki/Хорватия,http://ru.wikipedia.org/wiki/Радио_и_телевидение_Хорватии
http://ru.wikipedia.org/wiki/Mars,http://ru.wikipedia.org/wiki/Royal_Canin
http://ru.wikipedia.org/wiki/Правительство_КНДР,http://ru.wikipedia.org/wiki/Голос_Кореи
http://ru.wikipedia.org/wiki/Activision_Blizzard,http://ru.wikipedia.org/wiki/Neversoft
http://ru.wikipedia.org/wiki/Activision_Blizzard,http://ru.wikipedia.org/wiki/Treyarch
"http://ru.wikipedia.org/wiki/Рабинович,_Вадим_Зиновьевич",http://ru.wikipedia.org/wiki/Jewish_News_One
http://ru.wikipedia.org/wiki/The_Walt_Disney_Company,http://ru.wikipedia.org/wiki/ABC_Studios
"http://ru.wikipedia.org/wiki/Авен,_Пётр_Олегович",http://ru.wikipedia.org/wiki/Альфа-банк
http://ru.wikipedia.org/wiki/ZDF,http://ru.wikipedia.org/wiki/KI.KA
"http://ru.wikipedia.org/wiki/Фридман,_Михаил_Маратович",http://ru.wikipedia.org/wiki/Альфа-банк
"http://ru.wikipedia.org/wiki/Хан,_Герман_Борисович",http://ru.wikipedia.org/wiki/Альфа-банк
http://ru.wikipedia.org/wiki/ARD,http://ru.wikipedia.org/wiki/KI.KA
http://ru.wikipedia.org/wiki/Гессенское_радиовещание,http://ru.wikipedia.org/wiki/KI.KA
http://ru.wikipedia.org/wiki/Production_I.G,http://ru.wikipedia.org/wiki/Tatsunoko_Production
http://ru.wikipedia.org/wiki/Westdeutscher_Rundfunk,http://ru.wikipedia.org/wiki/KI.KA
http://ru.wikipedia.org/wiki/The_Walt_Disney_Company,http://ru.wikipedia.org/wiki/Disney_Channel_Scandinavia
http://ru.wikipedia.org/wiki/Всероссийская_государственная_телевизионная_и_радиовещательная_компания,"http://ru.wikipedia.org/wiki/Спорт_(телеканал,_2011)"
http://ru.wikipedia.org/wiki/Aktiengesellschaft,http://ru.wikipedia.org/wiki/JoWooD_Entertainment
http://ru.wikipedia.org/wiki/Российский_алюминий,http://ru.wikipedia.org/wiki/Хакасский_алюминиевый_завод
http://ru.wikipedia.org/wiki/Совет_Министров_Республики_Беларусь,http://ru.wikipedia.org/wiki/Белпочта
http://ru.wikipedia.org/wiki/Латвия,http://ru.wikipedia.org/wiki/Just5
http://ru.wikipedia.org/wiki/Рига,http://ru.wikipedia.org/wiki/Just5
http://ru.wikipedia.org/wiki/Sony,http://ru.wikipedia.org/wiki/BigBig_Studios
http://ru.wikipedia.org/wiki/McGraw-Hill,http://ru.wikipedia.org/wiki/Capital_IQ
http://ru.wikipedia.org/wiki/Газпром,http://ru.wikipedia.org/wiki/Нортгаз
http://ru.wikipedia.org/wiki/Ubisoft,http://ru.wikipedia.org/wiki/Ubisoft_Montpellier
http://ru.wikipedia.org/wiki/Кабинет_министров_Украины,http://ru.wikipedia.org/wiki/Укринформ
http://ru.wikipedia.org/wiki/Unibet,http://ru.wikipedia.org/wiki/Unibet_Open
